Source Name,Village,Parish,Sub county ,County,District,GPS Location,Lab Identifier Code,Electrical Conductivity,pH ,Turbidity,Color (Apparent),Total Alkalinity ,Total hardness ,Calcium Hardardness ,Flouride,Nitrites ,Sulphate ,Ammonium-N ,Chloride ,Phosphates-P ,Nitrates,Sodium ,Potassium ,Iron ,Free Chlorine,Total Chlorine,GPS location,GPS location2,e.coli,Total Dissolved Solids,Bicarbonates,Magnesium Hardness,Easting,Northing,Latitude,Longitude,Altitude,Field Temperature ,Source Type,Fluoride,GPS Latitude,GPS Longtude,GPSEasting,GPSNorthing,Dissolved Oxygen,Total Hardness as CaCO3,Magnesium hardness as CaCO3,Calcium,Silica,Mercury,Lead,Manganese
Kilikwani tap,Bugembe,Bugembe T/C,Mafubira division,Jinja City,Jinja,E526362 N51478,E23/00103,103,6.9,2.34,22,43,33,18,0.26236,0.01509,4.10009,0.16075,5.01257,0.03779,0.3225,8.9,3,0.27,0.02,0,,,,,,,,,,,,,,,,,,,,,,,,,,
Ndiba Roseline tap,Masese,0,Walukuba division,Jinja City,jinja,E526349 N49702,E23/00104,111,6.7,2.23,20,48,35,19,0.22605,0.00318,3.72661,<0.002,4.58644,0.09726,2.49162,9.2,3.2,0.16,0,0,,,,,,,,,,,,,,,,,,,,,,,,,,
Musisi bad man tap,Masese,0,Walukuba division,Jinja City,Jinja,E526921 N48543,E23/00105,101,6.8,2.92,15,41,27,19,0.25573,0.0076,4.27461,0.03963,4.59145,0.05778,0.51466,8.5,2.9,0.34,0.05,0,,,,,,,,,,,,,,,,,,,,,,,,,,
Jinja college Borehole,Rubaga hill,Rubaga,Kimaka-Mpumudde,Jinja City,jinja,E523658 N49584,E23/00109,648,6.6,2.12,4,175,310,125,0.6697,0.00678,69.27158,<0.002,51.08993,0.99905,6.686,11,4,0.07,0,0,,,,,,,,,,,,,,,,,,,,,,,,,,
Mpumudde mosque B/H,Mpumudde,Mpumudde,Mpumudde,Jinja City,Jinja,E523831 N51559,E22/00110,1041,6.8,3.48,27,320,430,230,0.681,0.08142,62.21922,0.02197,68.54926,0.05519,17.75154,48,13,2.16,0,0,,,,,,,,,,,,,,,,,,,,,,,,,,
Mawuta B/H C046,Mawuta,Mafubira,Mafubira division,Jinja City,Jinja,E524050 N54463,E23/00111,1393,6.9,6.25,75,350,730,400,0.31554,0.01351,233.9129,<0.002,147.8959,0.11509,0.31634,16,5.2,0.29,0,0,,,,,,,,,,,,,,,,,,,,,,,,,,
Nsube B/H,Nsube,Mafubira,Mafubira division,Jinja City,Jinja,E524435 N61008,E23/00112,492,6.5,1.91,1,230,220,105,0.26735,0.00658,21.39238,<0.002,7.99265,0.04659,6.69617,20,4,0.31,0,0,,,,,,,,,,,,,,,,,,,,,,,,,,
Mutai S/W,Mutai,Kagoma,Buwenge,jinja,Jinja,E524220 N61707,E23/00113,292,6,1.85,1,91,120,60,0.27796,0.00355,27.93701,0.04345,8.03672,0.11088,6.14984,17,1.4,0.15,0,0,,,,,,,,,,,,,,,,,,,,,,,,,,
Mutai police post tap,Mutai,Kagoma,Buwenge,Jinja,Jinja,E523590 N62539,E23/00114,106,6.7,2.11,11,41,36,16,0.29205,0.00256,4.95072,0.02983,5.91122,0.10657,0.51079,9.3,3.1,0.13,0,0,,,,,,,,,,,,,,,,,,,,,,,,,,
Kagoma protected spring,Kagoma,Kagoma,Buwenge,Jinja,Jinja,E522300 N65456,E23/00115,198,5.4,2.37,6,38,62,38,0.05172,0.00502,14.85099,0.00394,13.07676,0.02826,7.59498,9.2,5.1,0.24,0,0,,,,,,,,,,,,,,,,,,,,,,,,,,
AGM Tap,Nalufenya,Mpumudde,Mpumudde division,Jinja City,Jinja,E521619 N48543,E23/00117,104,6.8,2.43,22,46,33,20,0.28131,0.03649,4.89396,0.11817,5.31612,0.02851,0.22467,8.9,3.1,0.24,0.04,0,,,,,,,,,,,,,,,,,,,,,,,,,,
Shallow well at prison mosque@district HQ,Butakanila,Bugiri,Kapyangha,Bukooli,Bugiri,E583492 N60709,E23/00090,246,7,2.69,57,125,110,95,0.4069,0.15106,5.12238,1.62681,2.85226,0.29374,0.71488,42,7,1.35,0,0,,,,,,,,,,,,,,,,,,,,,,,,,,
Buyubu Shallow well,Buyubu,Bugiri,Kapyangha,Bukooli,Bugiri,E582815 N59414,E23/00091,585,6.7,2.22,21,330,97,47,0.09621,0.01788,11.87691,0.38375,6.76433,0.52461,0.38758,120,2.2,0.32,0,0,,,,,,,,,,,,,,,,,,,,,,,,,,
Kikabala Primary School Borehole,Kikabala,Nakavule,Kapyangha,Bukooli,Bugiri,E582485 N58571,E23/00092,533,6.6,2.75,36,290,220,125,0.00564,0.00224,4.48113,0.01781,15.03327,0.16367,0.27989,33,4.7,0.02,0,0,,,,,,,,,,,,,,,,,,,,,,,,,,
Lubila open well,Lubila,Nakavule,Kapyangha,Bukooli,Bugiri,E583041 N57880,E23/00093,218,5.7,3.98,29,98,105,77,0.19449,0.01352,7.09486,0.03977,6.81628,0.02301,2.28204,5.3,3.5,0.4,0,0,,,,,,,,,,,,,,,,,,,,,,,,,,
Bukonde protected spring,Bukonde,Bugiri A,Kapyangha,Bukooli  North,Bugiri,E585561 N62233,E23/00094,139,5.6,4.37,66,50,48,29,0.24617,0.00315,3.92465,0.01966,3.02388,0.01978,5.32393,8.7,2.1,0.58,0,0,,,,,,,,,,,,,,,,,,,,,,,,,,
Namasele Shallow wll,Nawambidi,Namasele,Buwuni T/C,Bukooli Central,Bugiri,E593155 N57813,E23/00095,376,6.8,2.05,18,165,145,105,0.43464,0.00844,10.16964,0.03491,16.13151,0.07286,4.51209,15,12,0.02,0,0,,,,,,,,,,,,,,,,,,,,,,,,,,
Galidde Simon PSP,Nawambidi A,Nawambidi,Buwuni T/C,Bukooli Central,Bugiri,E592960 N57742,E23/00096,692,6.6,1.84,4,360,300,165,0.43982,0.01605,31.55526,0.01546,13.61723,0.33127,2.52018,37,1.5,0.04,0.01,0,,,,,,,,,,,,,,,,,,,,,,,,,,
Abdul PSP,Namayemba,Namayemba Central,Namayemba T/C,Bukooli North,Bugiri,E589049 N56897,E23/00097,694,6.6,1.87,2,350,300,185,0.36287,0.00584,26.91282,0.02757,14.03153,0.09782,2.44874,40,1.5,<0.03,0.03,0,,,,,,,,,,,,,,,,,,,,,,,,,,
Owino Ben protected spring,Namayemba East,Sagaza,Kapyangha,Bukooli North,Bugiri,E587948 N58204,E23/00098,208,5.8,2.39,16,77,90,60,0.32835,0.00516,3.23099,<0.002,7.93193,0.12485,4.91619,7.1,3.6,0.14,0,0,,,,,,,,,,,,,,,,,,,,,,,,,,
Gamulunguka protected spring,Ndifakulya,Ndifakulya,Kapyangha,Bukooli North,Bugiri,E582906 N63846,E23/00099,255,4.9,2.03,2,20,75,33,0.08023,0.00356,4.55691,0.002,27.75374,0.13348,15.90426,17,4.6,0.09,0,0,,,,,,,,,,,,,,,,,,,,,,,,,,
Mugoya Ayub Shallow well,Ndifakulya,Ndifakulya,Kapyangha,Bukooli North,Bugiri,E582857 N63591,E23/00100,166,4.9,2.39,12,17,48,24,0.0064,0.04979,1.10713,0.04933,18.48677,0.02928,10.31733,15,3.4,<0.03,0,0,,,,,,,,,,,,,,,,,,,,,,,,,,
Kimombasa Kiosk PSP,Kimombasa,Ndifakulya,Western division,Bugiri municipality,Bugiri,E582819 N63213,E23/00101,532,7.2,5.86,88,280,87,39,0.48323,0.00054,14.4673,<0.002,11.09895,0.27431,2.17129,100,2.5,0.03,0.01,0,,,,,,,,,,,,,,,,,,,,,,,,,,
Nandhubu Samuel Shallow well,Musongola,Bwole,Western division,Bukooli North,Bugiri,E583153 N61851,E23/00102,154,5.2,2.49,4,31,57,31,0.10689,0.01351,1.37298,0.0101,10.05952,0.04595,7.40649,10,2.4,0.02,0,0,,,,,,,,,,,,,,,,,,,,,,,,,,
"Magafira ,mosque Shallow well",Masaba Igenge,Iwawu,Bulamagi,Iwawu,Iganga,E547731 N64050,E23/00075,162,4.9,1.67,1,12,26,15,0.12436,0.00502,38.72499,0.10471,4.0949,0.02535,4.28754,13,10,0.04,0,0,,,,,,,,,,,,,,,,,,,,,,,,,,
CMS shallow well,CMS,Bukoyo,Bulamagi,Bukoyo,Iganga,E550339 N65890,E23/00076,384,5.3,1.74,6,31,110,69,0.09494,0.05365,10.72362,0.02561,47.27937,0.10437,19.27067,26,9.9,0.07,0,0,,,,,,,,,,,,,,,,,,,,,,,,,,
Resource centre Busoga University Borehole,Kasokoso estate,Kasokoso,Iganga municipality,Iganga municipality,Iganga,E552757 N67752,E23/00077,926,6,1.85,2,110,250,170,0.12398,0.19221,34.90636,2.03609,122,0.04292,36.42471,85,33,0.05,0,0,,,,,,,,,,,,,,,,,,,,,,,,,,
Igulusa Shallow well,Igulusa,Bukaye,Nakalama,Kiguli South,Iganga,E553164  N70624,E23/00079,240,5.4,2.71,12,58,75,48,0.18074,0.0313,23.90872,0.08384,12.54319,0.10178,5.57916,13,12,0.03,0,0,,,,,,,,,,,,,,,,,,,,,,,,,,
Mukama protected spring,Namungalwe T/C,Namungalwe,Namungalwe,Kiguli North,Iganga,E554297 N78825,E23/00081,151,5.9,2.41,20,44,53,29,0.18223,0.00573,1.89453,0.01444,4.32926,0.05082,8.13293,11,1.8,0.05,0,0,,,,,,,,,,,,,,,,,,,,,,,,,,
Nambale B/H,Nambale,Nambale,Nambale,Kiguli North,Iganga,E556071 N86301,E23/00082,231,6,1.94,19,92,67,34,0.23051,0.00379,27.05817,0.03851,2.23657,0.14343,0.72995,24,5.1,<0.03,0,0,,,,,,,,,,,,,,,,,,,,,,,,,,
Walumbe protected spring,Nambale,Nambale,Nambale,Kiguli North,Iganga,E556034 N86571,E23/00083,218,5.6,2.09,17,20,65,37,0.28664,0.00427,13.54606,0.04699,11.73569,0.25885,3.56057,17,3.6,<0.03,0,0,,,,,,,,,,,,,,,,,,,,,,,,,,
Nabikoote Primary Sch Borehole DWD 24675,Nabikoote,Namunkesu,Namungalwe,kiguli North,Iganga,E553607 N77104,E23/00085,108,5.2,1.91,3,33,27,9.6,0.05591,0.00253,4.28733,<0.002,3.05577,0.08941,4.78982,13,3,0.09,0,0,,,,,,,,,,,,,,,,,,,,,,,,,,
Busei Shallow well,Busei,Busei Central,Nakalama,Kiguli south,Iganga,E555219 N68380,E23/00087,276,5.4,1.85,2,48,50,30,0.08272,0.00418,24.66327,<0.002,15.5417,0.03739,9.70475,27,8,0.06,0,0,,,,,,,,,,,,,,,,,,,,,,,,,,
katwe protected spring ,Bumbajje,Kiyoora,Nakisonga,Kiyoora,Mukono,E484934 N27298,E23/00118,55,4.7,2.26,13,13,37,9.4,0.05034,0.00324,2.50244,0.00132,2.75375,0.03042,3.04827,2.4,1.2,0.24,0,,,,,,,,,,,,,,,,,,,,,,,,,,,
Kiyoora health centre Borehole,Kiyoora,Kiyoora,Nakisonga,Mukono South,Mukono,E484135 N28694,E23/00119,47,5.2,58.6,621,6.2,21,9.8,0.18287,0.0018,8.28065,0.7069,5.04673,0.13696,0.15824,2.6,0.3,5.1,0,,,,,,,,,,,,,,,,,,,,,,,,,,,
Bulonda protected spring MKN/04/231,Bulonda,Ntanzi,Ntenjeru,Mukono South,Mukono,E480003 N28177,E23/00121,90,4.5,1.92,2,5,13,7.8,0.08335,0.00299,1.42719,<0.002,7.99557,0.02371,6.85782,7.2,3.3,0.27,0,,,,,,,,,,,,,,,,,,,,,,,,,,,
Katosi Borehole,Katosi,Katosi,Katosi T/C,Mukono South,Mukono,E477748 N16822,E23/00122,434,4.9,1.93,<0.2432,8.4,67,44,0.09733,0.00484,6.75086,0.0145,49.71965,0.04084,26.61152,32,33,0.19,0,,,,,,,,,,,,,,,,,,,,,,,,,,,
Nakisunga protected spring MKN/04/395,Nakisunga,Kyabarogo,Nakisunga,Mukono south,Mukono,E477209 N31013,E23/00127,43,4.7,2.34,18,8.8,11,7.8,0.0809,0.00234,1.58269,0.04734,4.28958,0.01742,1.82294,2.6,1.7,0.1,0,,,,,,,,,,,,,,,,,,,,,,,,,,,
Oluzi lwa mulule protected spring,Kisilamu,Kyetume,Nakisunga,Mukono South,Mukono,E475151 N34025,E23/00128,96,4.8,2.1,5,17,24,13,0.11563,0.00249,5.23856,0.00428,5.92499,0.04775,5.30713,6.8,4.8,0.01,0,,,,,,,,,,,,,,,,,,,,,,,,,,,
Kitega Wanton protected spring,Kitega Wanton,Kyetume,Mukono central division,Mukono municipality,Mukono,E473559 N38474,E23/00129,122,5.1,2.84,29,15,30,15,0.1172,0.00566,2.75104,0.12644,17.82051,0.04336,5.17801,9.3,4.4,0.32,0,,,,,,,,,,,,,,,,,,,,,,,,,,,
Upper Kauga borehole ,Upper Kauga,Nsuube Kauga,Mukono central division,Mukono municipality,Mukono,E471067 N40346,E23/00074,122,5.4,1.76,2,32,26,18,0.11354,0.00832,14.03802,0.02089,2.89193,0.11609,6.14054,9,5.6,0.07,0,,,,,,,,,,,,,,,,,,,,,,,,,,,
Vuumba Community borehole,Vuumba,Nakigole,Kalagala,,Luweero,,E22/09382,286,6.57,1.7,1,46,86.2,44.2,0.41131,0.00496,20.59539,0.04848,18.3249,0.46958,15.10519,,,,ND,ND,36N 0.605723,32.676042,<1,200.2,56.12,42,,,,,,,,,,,,,,,,,,,,
Ndeeba Masjid Noor shallow well,Ndeeba Kakoni,Nakigole,Kalagala,,Luweero,,E22/09383,169.9,6.45,1.6,13,51,41.2,21.2,0.36076,0.00263,0.80816,0.08792,1.55855,1.03224,4.62426,,,,ND,ND,36N 0.614298,32.68916,44,118.93,62.22,20,,,,,,,,,,,,,,,,,,,,
Bulami community borehole,Bulami,Kabulanaka,Zirobwe S/C,,Luweero,,E22/09384,108.5,6.64,1.9,14,37,33.4,16.4,0.20522,0.02196,24.96521,0.03488,0.67499,0.33294,3.84813,,,,ND,ND,36N 0.632672,32.700623,<1,75.95,45.14,17,,,,,,,,,,,,,,,,,,,,
Kajjawo community borehole,Kajjawo,0,Zirobwe S/C,,Luweero,,E22/09385,187.8,5.27,1.4,8,13,29.8,15.2,0.09463,0.00739,43.43394,0.14477,14.52271,0.17133,10.01999,,,,ND,ND,36N 0.626347,32.707973,<1,131.46,15.86,14.6,,,,,,,,,,,,,,,,,,,,
Zirobwe Masjid Taqwa shallow well,Zirobwe,Zirobwe,Zirobwe T/C,,Luweero,,E22/09387,1220,6.5,1.7,19,150,357.2,165.8,0.42447,2.30315,36.57894,0.1207,173.8706,0.3615,37.79263,,,,ND,ND,36N 0.681463,32.699047,TNTC,854,183,191.4,,,,,,,,,,,,,,,,,,,,
Namakofu shallow well,Namakofu,Nambi,Zirobwe S/C,,Luweero,,E22/09390,331,6.74,2.3,12,100,82.6,51.8,0.77834,0.00639,39.77444,0.0675,8.29878,0.55491,6.15709,,,,ND,ND,36N 0.672650,32.674879,<1,231.7,122,30.8,,,,,,,,,,,,,,,,,,,,
NWSC Zirobwe resovior,Namawojja,0,Zirobwe S/C,,Luweero,,E22/09391,446,6.48,1.7,1,130,144.4,77.2,0.73177,0.00258,27.66709,0.06563,27.63186,0.35988,8.68669,,,,0.14,0.15,36N 0.665295,32.666728,<1,312.2,158.6,67.2,,,,,,,,,,,,,,,,,,,,
NWSC Zirobwe PSP,Tawalulwa,Nambi,Zirobwe S/C,,Luweero,,E22/09392,302,6.38,1.9,7,110,102,46.6,0.45675,0.00194,14.80111,0.07008,9.85516,0.38789,3.21673,,,,0.02,0.07,36N 0.663028,32.64662,<1,211.4,134.2,55.4,,,,,,,,,,,,,,,,,,,,
Nampunge community borehole,Nampunge,Nambi,Zirobwe S/C,,Luweero,,E22/09393,172.1,5.73,2,<0.2432,43,38.4,17.8,0.20116,0.00281,16.03626,0.09176,4.17567,0.21943,4.49735,,,,ND,ND,36N 0.661952,32.644702,<1,120.47,52.46,20.6,,,,,,,,,,,,,,,,,,,,
Lutete community borehole,Lutete,Kyampisi,Bamunanika,,Luweero,,E22/09394,291,5.17,1.2,<0.2432,24,71.2,32.8,0.15168,0.00281,8.93293,0.22752,45.38383,0.38024,9.47204,,,,ND,ND,36N 0.666747,32.614158,<1,203.7,29.28,38.4,,,,,,,,,,,,,,,,,,,,
Kaliro katono community borehole - DWD 17219,Kaliro katono,Kiteme,Bamunanika,,Luweero,,E22/09398,642,6.71,1.7,<0.2432,120,191,88.6,0.26116,0.02791,0.79032,0.05601,18.39939,0.30606,9.16832,,,,ND,ND,36N 0.712023,32.58277,<1,449.4,146.4,102.4,,,,,,,,,,,,,,,,,,,,
Wobulenzi community borehole,Wobulenzi,Kigobera,Wobulenzi T/C,,Luweero,,E22/09399,303,5.81,16,5,36,89.8,39,0.04588,0.00225,13.49775,0.04618,0.3316,0.17013,0.03692,,,,ND,ND,36N 0.714815,32.534558,<1,212.1,43.92,50.8,,,,,,,,,,,,,,,,,,,,
NWSC Luweero Kiosk,Galuweero,Luweero,Luweero T/C,,Luweero,,E22/09420,277,6.26,1.9,4,72,40,22.6,0.21946,0.00412,14.59248,0.08118,26.19005,0.26532,5.09561,,,,0.16,0.17,36N 0.847233,32.481705,<1,193.9,87.84,17.4,,,,,,,,,,,,,,,,,,,,
NWSC Luweero Final treated water,Lumu,Luweero,Luweero T/C,,Luweero,,E22/09421,278,6.44,1.8,<0.2432,70,78.6,42.2,0.23203,0.00238,17.79477,0.06095,26.36292,0.28844,4.87447,,,,0.65,0.74,36N 0.842237,32.492723,<1,194.6,85.4,36.4,,,,,,,,,,,,,,,,,,,,
Bulyake village borehole - DWD 32323,Bulyake,Kaasangombe,Kaasangombe,,Nakaseke,,E22/09400,235,6,13,7,78,69,38,0.21303,0.01191,9.59994,0.1971,5.45488,0.20126,1.48263,,,,ND,ND,36N 0.721368,32.480843,<1,164.5,95.16,31,,,,,,,,,,,,,,,,,,,,
Namasujja A community borehole,Namasujja A,Bulyake,Kaasangombe,,Nakaseke,,E22/09401,264,5.61,3,<0.2432,48,90.2,28.8,1.10427,0.01132,5.92449,0.03498,26.99087,0.21356,2.07212,,,,ND,ND,36N 0.729460,32.474103,<1,184.8,58.56,61.4,,,,,,,,,,,,,,,,,,,,
Namasujja parents P/school borehole,Namasujja A,Bulyake,Kaasangombe,,Nakaseke,,E22/09402,126.7,5.31,1.9,<0.2432,17,26,12.2,0.202,0.02316,11.21301,0.06833,3.56735,0.17361,0.95399,,,,ND,ND,36N 0.726038,32.4731655,1,88.69,20.74,13.8,,,,,,,,,,,,,,,,,,,,
Kaasangombe community borehole,Kaasangombe,Bukuku,Kaasangombe,,Nakaseke,,E22/09403,287,6.47,1.6,<0.2432,105,120,41.2,0.18204,0.00872,15.13232,0.08723,11.17057,0.1753,5.63705,,,,ND,ND,36N 0.738432,32.462983,<1,200.9,128.1,78.8,,,,,,,,,,,,,,,,,,,,
Nambega village borehole,Nambega,Nsakabusolo,Kaasangombe,,Nakaseke,,E22/09405,259,6.72,9.3,39,105,80.6,63.4,0.2215,0.003,-0.09983,0.06554,9.09889,0.25961,7.00937,,,,ND,ND,36N 0.740840,32.419403,<1,181.3,128.1,17.2,,,,,,,,,,,,,,,,,,,,
Nakaseke community borehole,Nakaseke,0,0,,Nakaseke,,E22/09406,252,5.73,2,<0.2432,54,60.2,36,0.58144,0.00368,16.87301,0.02486,4.87179,0.20472,4.73794,,,,ND,ND,36N 0.727852,32.412698,<1,176.4,65.88,24.2,,,,,,,,,,,,,,,,,,,,
St. Joseph Kiziba R/C P/School borehole,Kiziba,0,Nakaseke S/C,,Nakaseke,,E22/09408,151.4,6.31,7.6,<0.2432,51,41.6,18.4,0.20848,0.01114,37.65802,0.04523,5.1866,0.17298,1.40237,,,,ND,ND,36N 0.729647,32.401072,<1,105.98,62.22,23.2,,,,,,,,,,,,,,,,,,,,
Lufula zone community borehole,Lufula zone,Nakaseke,Nakaseke T/C,,Nakaseke,,E22/09409,507,6.85,2.1,<0.2432,195,153.8,65.8,1.07831,0.01312,10.3992,0.08325,27.59255,0.18601,2.14827,,,,ND,ND,36N 0.721590,32.400658,<1,354.9,237.9,88,,,,,,,,,,,,,,,,,,,,
St. Paul COU borehole,Church zone,Central,Nakaseke T/C,,Nakaseke,,E22/09410,160.5,5.84,21,1,65,154.2,67.4,0.22763,0.02339,10.37518,0.10292,3.75531,0.17207,0.81859,,,,ND,ND,36N 0.726592,32.407033,<1,112.35,79.3,86.8,,,,,,,,,,,,,,,,,,,,
Mosque Shallow well,0,Central,Nakaseke T/C,,Nakaseke,,E22/09411,157.8,5.75,3.1,11,34,42,14.6,0.18803,0.00842,2.62863,0.06752,10.84392,0.15162,4.45254,,,,ND,ND,36N 0.733363,32.413438,9,110.46,41.48,27.4,,,,,,,,,,,,,,,,,,,,
Kasambya village shallow well,Kasambya A,Kigege,Nakaseke S/C,,Nakaseke,,E22/09412,70,5.81,12,210,19,43.8,15.8,0.1025,0.00379,1.14147,0.06578,6.4142,0.22459,1.43968,,,,ND,ND,36N 0.770128,32.407892,32,49,23.18,28,,,,,,,,,,,,,,,,,,,,
Kasambya A village shallow well,Kasambya A,Kigege,Nakaseke S/C,,Nakaseke,,E22/09413,188.6,5.85,2.7,12,70,27.6,6.2,0.20169,0.01078,15.57199,0.0453,7.60436,0.19975,2.35765,,,,ND,ND,36N 0.765537,32.408732,<1,132.02,85.4,21.4,,,,,,,,,,,,,,,,,,,,
Kamuli community P/Sch. Borehole,Kamuli,Kamuli,Kikamulo,,Nakaseke,,E22/09414,203.2,5.77,1.9,8,53,47.2,23.2,0.22966,0.00245,0.47117,0.05197,9.0262,0.25396,6.23732,,,,ND,ND,36N 0.791530,32.399405,<1,142.24,64.66,24,,,,,,,,,,,,,,,,,,,,
Nakazzi lugo lumpweo borehole,Nakazzi lumpewo,Kamuli,Kikamulo,,Nakaseke,,E22/09415,208.3,6.84,4,18,81,64.8,25.4,0.60566,0.00351,21.21111,0.07979,4.941,0.28165,4.74706,,,,ND,ND,36N ,0,<1,145.81,98.82,39.4,,,,,,,,,,,,,,,,,,,,
Uganda Matyrs Catholic parish borehole,Lwabijogo,0,Kiwoko T/C,,Nakaseke,,E22/09416,249,6.25,1.2,1,105,66,31.8,0.38535,0.00268,33.75182,0.02906,3.53109,0.27007,1.4576,,,,ND,ND,36N 0.833147,32.365718,<1,174.3,128.1,34.2,,,,,,,,,,,,,,,,,,,,
Kiwoko borehole,Nakaseta zone,Kiwoko,Kiwoko T/C,,Nakaseke,,E22/09417,240,6.92,3.8,14,62,79.2,39.2,0.18189,0.01304,26.34086,-0.00623,6.60401,0.14626,7.42631,,,,ND,ND,36N 0.841738,32.363862,<1,168,75.64,40,,,,,,,,,,,,,,,,,,,,
Kiwoko cenetral borehole,Central zone,Kiwoko,Kiwoko T/C,,Nakaseke,,E22/09418,347,6.2,2.1,4,92,56,32.2,0.26532,0.00522,24.81616,0.04094,11.56756,0.25012,8.96466,,,,ND,ND,36N 0.843922,32.364662,<1,242.9,112.24,23.8,,,,,,,,,,,,,,,,,,,,
Magoma R/C P/School borehole - DWD 51413,Magoma,0,Kiwoko T/C,,Nakaseke,,E22/09419,166.6,6.54,1.8,3,55,101.2,48.2,0.26067,0.00679,1.52247,0.03355,0.87978,0.31084,2.4739,,,,ND,ND,36N 0.846500,32.391598,<1,116.62,67.1,53,,,,,,,,,,,,,,,,,,,,
NWSC Kakooge PSP,Kalina zone,Kakooge,Kakooge T/C,,Nakasongola,,E22/09422,420,7.35,1.8,<0.2432,220,170.2,86,1.63313,0.00463,60.28844,0.03327,3.32715,0.17559,0.20578,,,,0.07,0.13,36N 1.052127,32.467492,<1,294,268.4,84.2,,,,,,,,,,,,,,,,,,,,
Katugo private water supply system,Katugo,Katugo,Katugo T/C,,Nakasongola,,E22/09423,867,6.73,2,<0.2432,135,328.2,146,0.57474,0.00441,17.80692,0.03644,157.8716,0.48381,6.17978,,,,0,0,36N 1.156917,32.464505,TNTC,606.9,164.7,182.2,,,,,,,,,,,,,,,,,,,,
Kyankanwa village borehole,Kyankanwa,Kyankanwa,Katugo T/C,,Nakasongola,,E22/09424,498,6.8,1.9,<0.2432,115,162.4,84.4,0.37793,0.00926,0.55631,0.09276,61.62422,0.33207,7.90487,,,,ND,ND,36N 1.198533,32.463472,<1,348.6,140.3,78,,,,,,,,,,,,,,,,,,,,
NWSC Nakasongola PSP,Wabigalo,Wabigalo,Wabigalo,,Nakasongola,,E22/09425,141.5,6.77,2.4,21,40,38.2,18.8,0.34141,0.00247,0.61037,0.06189,11.53516,0.30125,0.9069,,,,0.14,0.15,36N 1.251250,32.458779,<1,99.05,48.8,19.4,,,,,,,,,,,,,,,,,,,,
NWSC Nakasongola Kiosk,Kansirye,Kiwongweire,Wabigalo,,Nakasongola,,E22/09426,134.9,6.57,2.6,25,40,36.6,17.8,0.20278,0.00216,1.02528,0.08306,10.88303,0.15353,0.21933,,,,0,0,36N 1.294542,32.464752,10,94.43,48.8,18.8,,,,,,,,,,,,,,,,,,,,
Nakasongola A village borehole,Nakasongola A,Central,Nakasongola T/C,,Nakasongola,,E22/09427,334,6.56,1.8,3,120,98.6,48.4,0.31604,0.00362,1.12525,0.04876,31.06985,0.36045,6.71163,,,,ND,ND,36N 1.308018,32.465283,<1,233.8,146.4,50.2,,,,,,,,,,,,,,,,,,,,
NWSC Nakasongola PSP,Nakasongola A,Central,Nakasongola T/C,,Nakasongola,,E22/09428,144.6,6.65,2.8,29,42,43.2,19,0.10825,0.0022,12.34891,0.08495,11.56837,0.16824,0.34537,,,,0,0,36N 1.312917,32.465301,10,101.22,51.24,24.2,,,,,,,,,,,,,,,,,,,,
Nakasongola central police borehole,Nakasongola  ,Central,Nakasongola T/C,,Nakasongola,,E22/09429,666,6.23,2.1,4,130,135.8,68.4,0.62627,0.00746,23.25799,0.08557,67.92879,0.1888,28.99053,,,,ND,ND,36N 1.313042,32.465025,32,466.2,158.6,67.4,,,,,,,,,,,,,,,,,,,,
St. Kizito Sasira borehole,Ssasira,Ssasira,Wabinyonyi,,Nakasongola,,E22/09430,264,6.01,1.8,<0.2432,92,52.4,25.4,0.17837,0.00299,2.06465,0.03195,12.12451,0.15911,3.02935,,,,ND,ND,36N 1.333789,32.416601,<1,184.8,112.24,27,,,,,,,,,,,,,,,,,,,,
Rwenzori bottled water,0,0,0,,Nakasongola,,E22/09431,132.5,5.64,1.9,<0.2432,47,36.2,21.6,0.27426,0.00169,,0.15058,2.07753,0.43934,2.35143,,,,ND,ND,0,0,<1,92.75,57.34,14.6,,,,,,,,,,,,,,,,,,,,
NWSC Nkokonjeru PSP,Kigulu,Mulaje,Nkokonjeru T/C,,Buikwe,,E22/09931,132,6.4,2.5,20,50,40.2,22.4,0.24,0.01,0.9,0.11,3.9,0.07,3.16,10,1.7,,0.04,0.1,36N 491344E,26890N,<1,92.4,61,17.8,,,,,,,,,,,,,,,,,,,,
Kibali shallow well,Kibali,0,Ngogwe,,Buikwe,,E22/09934,166,5.8,1.7,<0.2432,52,57.6,34.8,0.19,<0.001,6.5,0.06,8.1,0.13,4.62,13,3.2,,ND,ND,36N 498726E,26789N,<1,116.2,63.44,22.8,,,,,,,,,,,,,,,,,,,,
Nakigaya Protected spring,Nakigaya,Namatovu,Nujja,,Buikwe,,E22/09935,87,5.9,3.1,27,37,31.4,14.2,0.2,<0.001,3.5,0.08,1.7,0.02,2.44,4,1.3,,ND,ND,36N 506445E,30251N,101,60.9,45.14,17.2,,,,,,,,,,,,,,,,,,,,
Buwooya mosque borehole,Kigayi,Malongwe,Kasubi,,Buikwe,,E22/09936,81,5.9,13,22,38,35.2,27,0.13,0.02,0.8,0.04,1.3,0.04,0.25,1.8,0.7,,ND,ND,36N 504301E,32217N,<1,56.7,46.36,8.2,,,,,,,,,,,,,,,,,,,,
NWSC Buikwe PSP,Majija,Malongwe,Kasubi,,Buikwe,,E22/09937,142,6.4,1.4,<0.2432,65,49.6,27,0.25,<0.001,0.8,0.09,2.5,0.05,1.22,8.3,2.7,,0.04,0.08,36N 503217E,33566N,<1,99.4,79.3,22.6,,,,,,,,,,,,,,,,,,,,
NWSC Buikwe PSP,Misindye upper,Buikwe,Buikwe T/C,,Buikwe,,E22/09942,279,6.8,2.2,3,130,114.2,61.4,0.24,<0.001,1.5,0.17,7.4,0.18,0.69,12,2.3,,0,0.01,36N 503034E,38598N,<1,195.3,158.6,52.8,,,,,,,,,,,,,,,,,,,,
NWSC Lugazi final treated water,Kawuku,0,Lugazi municipality,,Buikwe,,E22/09943,90,6.1,1.7,<0.2432,41,37.4,22.2,0.16,<0.001,1.3,0.03,2.9,0.02,1.09,2.9,1.5,,1.72,1.84,36N 496576E,39968N,<1,63,50.02,15.2,,,,,,,,,,,,,,,,,,,,
NWSC Lugazi PSP - far point,Kibuba,0,0,,Buikwe,,E22/09945,93,6.2,2.1,5,37,46.6,20.6,0.13,<0.001,1.4,0.02,4,0.01,0.94,4.3,1.7,,0.06,0.09,36N 494884E,40689N,<1,65.1,45.14,26,,,,,,,,,,,,,,,,,,,,
Kasowole P/Sch borehole DWD 86267,Bulagala B,Kasowole,Kigumba,,Kamuli,,E22/09951,552,6.4,2.1,<0.2432,190,156.4,98.8,0.55,0.01,61,0.07,20,0.19,3.65,54,5.5,,ND,ND,36N 510054E,123659N,8,386.4,231.8,57.6,,,,,,,,,,,,,,,,,,,,
Namusita Buyima community b/hole DWD 66233,Namusita Buyima,Kasowole,Kigumba,,Kamuli,,E22/09952,276,6.1,1.7,<0.2432,115,82,47.4,0.52,<0.001,15,0.04,3.2,0.14,2.82,26,2.6,,ND,ND,36N ,0,<1,193.2,140.3,34.6,,,,,,,,,,,,,,,,,,,,
Busuna shallow well,Busuna,Nawangaiza,Bulawoli T/C,,Kamuli,,E22/09953,230,5.7,2.8,13,37,40.4,23,0.21,0.01,26,0.12,14,0.01,4.37,25,7.4,,ND,ND,36N 510908E,113543N,78,161,45.14,17.4,,,,,,,,,,,,,,,,,,,,
Namuyinji HC II borehole,Namuyingi,Buswa,Nabiwigulu,,Kamuli,,E22/09954,530,6.4,1.9,<0.2432,110,166.8,93.6,0.5,0.01,9.4,0.02,72,0.09,3.1,31,3.9,,ND,ND,36N 511123E,111497N,<1,371,134.2,73.2,,,,,,,,,,,,,,,,,,,,
Bulindi shallow well,Bulindi,0,Nankulyaku,,Kamuli,,E22/09955,129,5.1,2.4,<0.2432,14,26.2,13.4,0.23,<0.001,18,0.05,0.9,0.01,6.1,6.8,16,,ND,ND,36N 512469E,104708N,<1,90.3,17.08,12.8,,,,,,,,,,,,,,,,,,,,
Namaganda shallow well,Namaganda Butooli,Namaganda,Kitayundwa,,Kamuli,,E22/09958,184,5.4,1.8,<0.2432,21,29.4,20.6,0.17,<0.001,22,0.02,13,0.05,3.52,22,2.3,,ND,ND,36N 522216E,95705N,<1,128.8,25.62,8.8,,,,,,,,,,,,,,,,,,,,
Naminage community borehole DWD 28947,Naminage,Kitayundwa,Kitayundwa,,Kamuli,,E22/09959,621,6.2,2.1,1,150,238,82,0.4,0.1,39,0.05,48,0.11,29,29,4.2,,ND,ND,36N 520263E,95734N,<1,434.7,183,156,,,,,,,,,,,,,,,,,,,,
Kitayundwa community borehole,Kitayundwa,Kitayundwa,Kitayundwa,,Kamuli,,E22/09960,576,6.6,1.8,<0.2432,240,254.8,188,0.34,<0.001,44,0.08,7.2,0.12,8.72,25,2.2,,ND,ND,36N 517950E,98688N,<1,403.2,292.8,66.8,,,,,,,,,,,,,,,,,,,,
Kitayundwa shallow well,Kitayundwa,Kitayundwa,Kitayundwa,,Kamuli,,E22/09961,571,6.5,2.5,4,175,210.2,128.6,0.24,0.01,26,0.01,27,0.01,13,31,5.5,,ND,ND,36N 517895E,99191N,10,399.7,213.5,81.6,,,,,,,,,,,,,,,,,,,,
Namisambya shalllow well,Namisambya,Kitayundwa,Northern Div,,Kamuli,,E22/09962,131,5.9,1.7,<0.2432,16,30.4,21.2,0.1,<0.001,6.7,0.27,7.1,0.02,6.12,6.9,7.8,,ND,ND,36N 515772E,100461N,<1,91.7,19.52,9.2,,,,,,,,,,,,,,,,,,,,
Namisambya community borehole,Namisambya 2,Businge,Northern Div,,Kamuli,,E22/09963,557,5.8,1.8,<0.2432,74,146.4,79.2,0.23,0.01,115,<0.002,55,0.1,3.2,46,5.6,,ND,ND,36N 515581E,100613N,<1,389.9,90.28,67.2,,,,,,,,,,,,,,,,,,,,
Bukwenge COU borehole,Bukwenge,Northern Div,Kamuli Municipality,,Kamuli,,E22/09964,434,6.2,1.8,<0.2432,85,120.4,77.4,0.34,<0.001,38,0.18,28,0.19,11,47,6.4,,ND,ND,36N 513070E,102171N,<1,303.8,103.7,43,,,,,,,,,,,,,,,,,,,,
NWSC Kamuli resovior (final treated water),0,0,Kamuli Municipality,,Kamuli,,E22/09965,716,6.9,1.8,2,130,215.6,123.2,0.64,0.01,16,0.19,110,0.1,2.63,55,7.3,,ND,ND,36N 513674E,104116N,<1,501.2,158.6,92.4,,,,,,,,,,,,,,,,,,,,
community borehole,Bulyampanga,Nayibowa,Butunsi,,Kamuli,,E22/09969,162,6,1.7,<0.2432,53,42.4,23.2,0.27,0.01,5.6,0.08,9.2,0.3,2.57,15,3,,ND,ND,36N 510133E,98391N,<1,113.4,64.66,19.2,,,,,,,,,,,,,,,,,,,,
Busobya community borehole,Busobya zone,0,Mbulamuti,,Kamuli,,E22/09972,161,5.8,1.6,<0.2432,52,33.8,20,0.32,0.01,2.2,0.05,4.5,0.1,5.99,17,2.8,,ND,ND,36N 505754E,92887N,<1,112.7,63.44,13.8,,,,,,,,,,,,,,,,,,,,
Wampologma community b/hole DWD 59654,Wampologoma,0,Busana,,Kayunga,,E22/09973,220,6.1,1.9,<0.2432,100,79,68.8,0.22,0.01,7.8,0.04,1.2,0.08,1.43,14,2,,ND,ND,36N 500569E,87275N,<1,154,122,10.2,,,,,,,,,,,,,,,,,,,,
Bugonda community b/hole WDD 178,Bugonda,0,Busaana,,Kayunga,,E22/09974,785,6.8,1.8,<0.2432,195,318.4,149,0.8,<0.001,80,<0.002,73,0.03,0.82,30,7.7,,ND,ND,36N 499418E,85045N,<1,549.5,237.9,169.4,,,,,,,,,,,,,,,,,,,,
Bugonda shallow well,Bugonda,0,BUsaana,,Kayunga,,E22/09975,197,5.7,1.8,<0.2432,34,44,21.4,0.07,<0.001,5.8,0.11,1.7,0.03,16,12,16,,ND,ND,36N 500922E,83640N,<1,137.9,41.48,22.6,,,,,,,,,,,,,,,,,,,,
Buganda borehole,Buganda,Kibazi,Busaana,,Kayunga,,E22/09976,756,5.8,1.6,<0.2432,60,212.8,112.2,0.15,<0.001,91,0.05,124,0.02,5.49,55,9.4,,ND,ND,36N 501106E,83046N,<1,529.2,73.2,100.6,,,,,,,,,,,,,,,,,,,,
Namirembe village borehole WDD 782,Namirembe,0,Busaana,,Kayunga,,E22/09977,317,6,1.7,<0.2432,99,110.4,53.2,0.42,<0.001,1.6,0.06,35,0.05,2.35,16,3.9,,ND,ND,36N 497400E,88166N,<1,221.9,120.78,57.2,,,,,,,,,,,,,,,,,,,,
Nongo mosque borehole,Nongo,0,Kitmbwa,,Kayunga,,E22/09978,272,6,2.7,<0.2432,110,101.6,69.8,0.24,0.02,2.3,0.15,9.8,0.1,4.13,13,1.7,,ND,ND,36N 492655E,89528N,<1,190.4,134.2,31.8,,,,,,,,,,,,,,,,,,,,
Budada borehole,Budada,Wabuyija,Kitimbwa,,Kayunga,,E22/09979,566,5.8,1.8,1,600,158.6,102.4,0.31,<0.001,34,0.05,100,0.17,6.49,35,10,,ND,ND,36N 487727E,93339N,<1,396.2,732,56.2,,,,,,,,,,,,,,,,,,,,
Bulawula village b/hole WDD 9128,Bulawula C,Bulawula,Kitmbwa S/C,,Kayunga,,E22/09981,271,6.2,1.8,<0.2432,130,132.2,61,0.44,<0.001,2.6,0.09,1.6,0.13,2.09,15,4.1,,ND,ND,36N 494850E,92383N,<1,189.7,158.6,71.2,,,,,,,,,,,,,,,,,,,,
Nkokonjeru p/sch borehole,Nkokonjeru,Nkokonjeru ,Kitimbwa,,Kayunga,,E22/09982,260,6,2.2,11,66,74.4,45.8,0.35,<0.001,1.1,0.08,28,0.04,6.61,20,3.4,,ND,ND,36N 4942223E,91440N,<1,182,80.52,28.6,,,,,,,,,,,,,,,,,,,,
Busaana T/C H/qtrs borehole,Kawuku,Busaana,Busaana,,Kayunga,,E22/09983,483,6.4,1.8,<0.2432,95,150,89.8,0.38,<0.001,16,0.01,44,0.24,20,29,5.2,,ND,ND,36N 498574E,85435N,<1,338.1,115.9,60.2,,,,,,,,,,,,,,,,,,,,
Aliganyira shallow well or Bangirana shallow well,Kyabakwerere,Kyabakwerere,Bigodi Town Council,,Kamwenge,,E22/03131,76,6.9,1.24,,,,,,0.00102,9.72927,0.00865,1.39561,0,0,,,,,,,,9,53.2,,,212591.0742,10046752.05,0.4225481,30.417939,1211.670776,25,,,,,,,,,,,,,,
Kihoima bore hole,Kihoima,Kyabakwerere,Bigodi Town Council,,Kamwenge,,E22/03132,134.2,7.1,1.03,,,,,,0.00152,15.7005,0.03777,1.31526,0,0,,,,,,,,<1,93.94,,,213852.3355,10046619.96,0.421358,30.4292628,1277.733032,23.1,,,,,,,,,,,,,,
Basaliza spring,Kihoima,Kyabakwerere,Bigodi Town Council,,Kamwenge,,E22/02818,116.5,7.38,0.99,,,,,,0.00201,12.50203,0.02682,0.96973,0,0,,,,,,,,108,81.55,,,214347.9953,10047051.86,0.4252631,30.4337115,1256.806519,23,,,,,,,,,,,,,,
Kamwenge College School  Tap,Ganyenda I,Ganyenda,Kamwenge,,Kamwenge,,E22/02856,267,7.35,0.85,,,,,,0.0087,64.31276,0.082,8.6367,0,0,,,,,,,,TNTC,186.9,,,0,0,0,0,0,24.9,,,,,,,,,,,,,,
Machiro Primary School Tap,Kinoni I,Ganyenda,Kamwenge,,Kamwenge,,E22/02857,275,7.41,0.95,,,,,,0.00244,54.38193,0.04155,9.26287,0,0,,,,,,,,TNTC,192.5,,,0,0,0,0,0,23.7,,,,,,,,,,,,,,
Machiro Primary School BH,Kinoni I,Ganyenda,Kamwenge,,Kamwenge,,E22/02858,64.7,7.06,0.96,,,,,,0.0019,6.18002,0.02381,0.49023,0,0,,,,,,,,<1,45.29,,,0,0,0,0,0,24,,,,,,,,,,,,,,
Agaba Waren Tap,Kengoma II,Nyamashegwa,Kabambiro,,Kamwenge,,E22/02989,266,7.53,104,,,,,,0.00343,65.234,0.03084,8.7641,0,0,,,,,,,,<1,186.2,,,223026.7796,10017502.47,0.1582,30.51169,1245,24.3,,,,,,,,,,,,,,
Kishiza shallow well ,Burengye,Nyamashegwa,Kabambiro,,Kamwenge,,E22/02990,420,7.87,1.08,,,,,,0.00157,61.22324,0.02367,9.88801,0,0,,,,,,,,36,294,,,225109.3864,10019025.79,0.1719713,30.5303866,1199.865895,24.2,,,,,,,,,,,,,,
Bamurahura s/w,Burengye,Nyamashegwa,Kabambiro,,Kamwenge,,E22/02991,323,7.95,1.13,,,,,,0.00144,31.45613,0.00663,5.38449,0,0,,,,,,,,<1,226.1,,,225548.7911,10019069.02,0.1723626,30.5343317,1210.288193,24.1,,,,,,,,,,,,,,
Nyamashegwa eremera BH ,Nyamashegwa I,Nyamashegwa,Kabambiro,,Kamwenge,,E22/02992,157.4,7.65,0.97,,,,,,0.00331,18.66576,0.01149,1.45978,0,0,,,,,,,,<1,110.18,,,225229.8096,10018060.18,0.1632435,30.5314689,1211.592685,24.3,,,,,,,,,,,,,,
Bazerio musheroko shallow well,Kengoma II,Nyamashegwa,Kabambiro,,Kamwenge,,E22/02993,562,8.15,1.1,,,,,,0.0018,103.4988,0.01239,10.70044,0,0,,,,,,,,102,393.4,,,226915.384,10017340.63,0.1567413,30.5466035,1178.559326,24.4,,,,,,,,,,,,,,
Maniriho Sharon psp,Kengoma II,Nyamashegwa,Kabambiro,,Kamwenge,,E22/02994,284,7.56,1.1,,,,,,0.00191,58.16407,0.00917,10.17997,0,0,,,,,,,,<1,198.8,,,224562.0547,10018374.29,0.1660819,30.5254732,1230.871338,24.1,,,,,,,,,,,,,,
Akako shallow well,Kengoma II,Nyamashegwa,Kabambiro,,Kamwenge,,E22/02995,357,8.05,1.02,,,,,,0.00786,31.7049,0.02297,12.53693,0,0,,,,,,,,66,249.9,,,226008.0612,10017935.2,0.1621146,30.5384565,1184.417358,24.4,,,,,,,,,,,,,,
Mpongerurwimo psp,Kengoma II,Nyamashegwa,Kabambiro,,Kamwenge,,E22/02996,271,7.63,0.85,,,,,,0.00293,66.62563,0.05155,11.13073,0,0,,,,,,,,<1,189.7,,,224772.1702,10018188.27,0.1644007,30.5273599,1195.172119,24.4,,,,,,,,,,,,,,
Kamagege shallow well,Nkoma,Nkoma  ward,Nkoma-katalyeba Town Council,,Kamwenge,,E22/04762,328,5.98,26,,,,,,0.00057,44.30161,0.01697,9.01585,0.04564,2.00486,,,,,,,,TNTC,229.6,,,237987.0935,10036378.77,0.3288505,30.6459846,1279.673096,0,,,,,,,,,,,,,,
Kinyonza protected spring,Kinyonza,Kinyonza,Nkoma-katalyeba Town Council,,Kamwenge,,E22/04763,380,6.36,1.5,,,,,,0.00182,31.98672,0.10891,15.21136,0.12568,2.40506,,,,,,,,3,266,,,239332.1297,10040967.38,0.370333,30.6580518,1290.897705,0,,,,,,,,,,,,,,
Damasiko Primary School RAINTANK,Damasiko,Nkoma,Nkoma,,Kamwenge,,E22/04764,7.87,5.41,1.2,,,,,,0.00339,1.09223,0.26704,0.14848,0.11733,0.66438,,,,,,,,1,5.509,,,0,0,0,0,0,0,,,,,,,,,,,,,,
Barungi protected spring,Kikiri,Ntonwa parish,Bwizi,,Kamwenge,,E22/04765,387,6.14,3.25,,,,,,0.00621,31.37258,0.02866,4.86134,0.16647,0.8676,,,,,,,,2,270.9,,,247577.0344,10047628.21,0.4305675,30.7320713,1413.537964,0,,,,,,,,,,,,,,
Rutooma protected spring,Rutooma,Kyakaitaba,Bwizi,,Kamwenge,,E22/04766,216.5,5.94,4.1,,,,,,0.00327,12.92991,0.02345,2.03056,0.06243,3.49218,,,,,,,,4,151.55,,,247946.5386,10047522.94,0.4296168,30.7353897,1375.878418,0,,,,,,,,,,,,,,
Zone 4 &5 4980,Block 4,,,,Lamwo,,UN23/0263,881,7.28,0.138,,524,266.8,83.6,,,2.47,,,,<0.02,116.3,,,,,,,,616.7,639.28,43.968,,,437542,370808,,,Borehole,0.38,,,,,,,,,,,,
Zone 4 &5 4980,Block 4,,,,Lamwo,,UN23/0264,956,7.29,0.23,,468,270.8,70.4,,,2.33,,,,<0.02,130.6,,,,,,,,669.2,570.96,48.096,,,437542,370808,,,Borehole,0.31,,,,,,,,,,,,
Zone 4 &5 4980,Block 4,,,,Lamwo,,UN23/0265,987,7.33,0.875,,524,248.4,124.8,,,2.85,,,,<0.02,106.8,,,,,,,,690.9,639.28,29.664,,,437086,371065,,,Borehole,0.35,,,,,,,,,,,,
Zone 1 Block 4,Block 4B,,,,Lamwo,,UN23/0266,727,7.56,1.12,,312,296.8,138.4,,,2.84,,,,5.57,68.77,,,,,,,,508.9,380.64,38.016,,,437086,371065,,,Tap,0.468,,,,,,,,,,,,
Zone 1 Block 4,Block 4B,,,,Lamwo,,UN23/0267,859,7.37,6.12,,440,278.4,46.8,,,2.43,,,,5.7,67.79,,,,,,,,601.3,536.8,55.584,,,437086,371065,,,Tap,0.49,,,,,,,,,,,,
Zone 5 Block 12,Block 12A Zone B,,,,Lamwo,,UN23/0268,865,7.34,0.241,,508,369.6,68,,,6.01,,,,<0.02,79.06,,,,,,,,605.5,619.76,72.384,,,442869,377058,,,Borehole,0.38,,,,,,,,,,,,
Zone 5 Block 12,Block 12A Zone B,,,,Lamwo,,UN23/0269,863,7.59,6.18,,420,332.8,91.6,,,6.23,,,,<0.02,78.23,,,,,,,,604.1,512.4,57.888,,,442869,377058,,,Borehole,0.34,,,,,,,,,,,,
Zone 5 Block 12,Block 12A Zone B,,,,Lamwo,,UN23/0270,874,7.55,0.291,,528,360,97.2,,,5.81,,,,<0.02,74.29,,,,,,,,611.8,644.16,63.072,,,442869,377058,,,Borehole,0.66,,,,,,,,,,,,
Zone 5 Block 12,Block 12A Zone B,,,,Lamwo,,UN23/0271,817,7.62,0.367,,492,338.8,122,,,8.46,,,,<0.02,75.3,,,,,,,,571.9,600.24,52.032,,,442869,377058,,,Borehole,0.98,,,,,,,,,,,,
Zone 5 Block 12,Block 12A Zone B,,,,Lamwo,,UN23/0272,848,7.72,0.415,,472,329.6,100,,,7.52,,,,<0.02,77.77,,,,,,,,593.6,575.84,55.104,,,442869,377058,,,Borehole,1.6,,,,,,,,,,,,
Nyalagala,Nyalagala,,,,Lamwo,,UN23/0273,472,7.05,0.184,,260,249.2,102.4,,,8.14,,,,<0.02,24.6,,,,,,,,330.4,317.2,35.232,,,455385,400317,,,Borehole,1.8,,,,,,,,,,,,
Olug Olo 22365,Akelikongo North,,,,Lamwo,,UN23/0274,276,6.63,397,,164,142,79.6,,,0,,,,<0.02,18.65,,,,,,,,193.2,200.08,14.976,,,459754,399290,,,Borehole,0.62,,,,,,,,,,,,
Nyalagala 37447,Akelikongo North,,,,Lamwo,,UN23/0275,472,7.69,0.493,,164,249.6,124.8,,,7.21,,,,<0.02,24.67,,,,,,,,330.4,200.08,29.952,,,455385,400317,,,Borehole,1.28,,,,,,,,,,,,
Olug Olo 22365,Alelikongo North,,,,Lamwo,,UN23/0276,280,6.6,0.531,,240,161.6,64,,,0,,,,<0.02,16.21,,,,,,,,196,292.8,23.424,,,459754,399290,,,Borehole,0.682,,,,,,,,,,,,
Pok Lengo,Alelikongo North,,,,Lamwo,,UN23/0277,56.1,5.98,0.326,,164,59.2,49.2,,,0,,,,2.11,3.98,,,,,,,,39.27,200.08,2.4,,,455175,399509,,,Borehole,1.29,,,,,,,,,,,,
Zone 4 Block 9,Zone 4 Block 9,,,,Lamwo,,UN23/0278,805,7.42,0.352,,56,336.8,127.2,,,7.5,,,,2.02,75.48,,,,,,,,563.5,68.32,50.304,,,441588,372639,,,Borehole,0.6,,,,,,,,,,,,
Zone 4 Block 9,Zone 4 Block 9,,,,Lamwo,,UN23/0279,799,7.5,0.467,,520,288,116.4,,,10.8,,,,<0.02,84.44,,,,,,,,559.3,634.4,41.184,,,441588,372639,,,Borehole,0.25,,,,,,,,,,,,
Zone 4 Block 9,Zone 4 Block 9,,,,Lamwo,,UN23/0280,806,7.33,0.391,,372,327.6,104,,,10.06,,,,1.39,81.56,,,,,,,,564.2,453.84,53.664,,,441588,372639,,,Borehole,0.24,,,,,,,,,,,,
Zone 4 Block 9,Zone 4 Block 9,,,,Lamwo,,UN23/0281,808,7.07,0.484,,392,287.2,168.8,,,10.2,,,,<0.02,85.8,,,,,,,,565.6,478.24,28.416,,,441588,372639,,,Borehole,0.25,,,,,,,,,,,,
Zone 4 Block 10,Zone 4 Block 9,,,,Lamwo,,UN23/0282,801,7.54,0.22,,436,331.6,155.6,,,9.53,,,,<0.02,82.9,,,,,,,,560.7,531.92,42.24,,,441588,372639,,,Borehole,0.22,,,,,,,,,,,,
Zone 6 Block 6,Zone 6 Block 6,,,,Lamwo,,UN23/0283,505,7.09,0.283,,400,204,51.6,,,2.11,,,,<0.02,33.03,,,,,,,,353.5,488,36.576,,,444534,372639,,,Borehole,1.08,,,,,,,,,,,,
Zone 6 Block 6,Zone 6 Block 6,,,,Lamwo,,UN23/0284,503,7.15,0.32,,272,222,58.4,,,1.93,,,,<0.02,35.37,,,,,,,,352.1,331.84,39.264,,,444534,371724,,,Borehole,1.22,,,,,,,,,,,,
Zone 6 Block 6,Zone 6 Block 6,,,,Lamwo,,UN23/0285,510,6.95,0.383,,280,238.4,61.6,,,2.05,,,,<0.02,34.24,,,,,,,,357,341.6,42.432,,,444534,371724,,,Borehole,0.52,,,,,,,,,,,,
Zone 6 Block 6,Zone 6 Block 6,,,,Lamwo,,UN23/0286,506,7.03,0.315,,312,234.4,67.6,,,1.91,,,,<0.02,34.94,,,,,,,,354.2,380.64,40.032,,,444534,371724,,,Borehole,0.52,,,,,,,,,,,,
Zone 7 Block 8,Ajagala,,,,Lamwo,,UN23/0287,640,8.22,0.255,,284,251.6,69.2,,,4.6,,,,5.67,54.97,,,,,,,,448,346.48,43.776,,,442495,369658,,,Borehole,1.04,,,,,,,,,,,,
Ajagala 45571,Ajagala,,,,Lamwo,,UN23/0288,693,7.81,0.402,,324,239.2,122.4,,,3.78,,,,6.73,64.42,,,,,,,,485.1,395.28,28.032,,,441964,369336,,,Borehole,1.14,,,,,,,,,,,,
Block 8 Zone 7,Ajagala,,,,Lamwo,,UN23/0289,772,7.07,0.723,,352,355.6,39.6,,,4.69,,,,8.14,54.93,,,,,,,,540.4,429.44,75.84,,,442495,369658,,,Borehole,0.91,,,,,,,,,,,,
Ajagala 45571,Ajagala,,,,Lamwo,,UN23/0290,688,7.83,0.24,,400,225.2,45.6,,,3.74,,,,6.36,62.1,,,,,,,,481.6,488,43.104,,,441964,369336,,,Borehole,0.39,,,,,,,,,,,,
Ajagala 45571,Ajagala,,,,Lamwo,,UN23/0291,683,7.97,0.178,,376,256,40.8,,,3.96,,,,6,62.04,,,,,,,,478.1,458.72,51.648,,,441964,369336,,,Borehole,1.11,,,,,,,,,,,,
Ajaogala,Ajaogala,,,,Lamwo,,UN23/0292,473,7.48,0.223,,380,231.6,64.8,,,1.55,,,,1.77,31.2,,,,,,,,331.1,463.6,40.032,,,440389,368384,,,Tap,0.44,,,,,,,,,,,,
Ajaogala,Ajaogala,,,,Lamwo,,UN23/0293,841,6.99,0.24,,280,239.6,32.4,,,4.31,,,,<0.02,80.1,,,,,,,,588.7,341.6,49.728,,,440618,370685,,,Borehole,1.17,,,,,,,,,,,,
Bwero Langwidi,Ajaogala,,,,Lamwo,,UN23/0294,309,6.78,6.11,,444,102.8,40.8,,,0.38,,,,1.43,29.6,,,,,,,,216.3,541.68,14.88,,,439533,365445,,,Unprotected Spring,1.25,,,,,,,,,,,,
Ajaogala,Ajaogala,,,,Lamwo,,UN23/0295,357,6.93,0.178,,188,91.2,56.8,,,0,,,,4.06,24.39,,,,,,,,249.9,229.36,8.256,,,440626,368178,,,Borehole,1.56,,,,,,,,,,,,
Block 7 Zone 7,Ajaogala,,,,Lamwo,,UN23/0296,466,7.03,0.223,,264,171.6,64.8,,,1.63,,,,1.91,31.4,,,,,,,,326.2,322.08,25.632,,,441167,368353,,,Tap,0.23,,,,,,,,,,,,
Our Lady's Secondary School Kitwekyambogo,Mbogo,Kitwe-Kyambogo,Luuka Tc,,Luuka,,E22/04394,480,7.6,2.76,,,,,,0.00528,98.64284,0.02352,16.35794,0.28079,3.83408,,,,,,,,<1,336,,,541843.3578,10085477.18,,,,,Protected Deep borehole Hand Pump ,,0.7733216,33.376067,,,,,,,,,,
Kitwekyambogo primary school,Mbogo,Kitwe-Kyambogo,Luuka Tc,,Luuka,,E22/04395,370,7.8,1.54,,,,,,0.00166,33.58435,0.03544,5.3452,0.20557,5.18969,,,,,,,,<1,259,,,535146.2773,100877162.3,,,,,Public Stand Post with Piped Supply ,,0.6981005,33.3158724,,,,,,,,,,
Kiyunga Primary school,Nawamwena,Kitwe-Kyambogo,Luuka Tc,,Luuka,,E22/04396,261,7.6,1.23,,,,,,0.00239,22.501,0.04801,5.08619,0.20852,3.32873,,,,,,,,<1,182.7,,,536862.7503,10084693.69,,,,,Protected Deep borehole Hand Pump ,,0.766237,33.3313038,,,,,,,,,,
Tomborehole,Kiyunga Central,Kiyunga,Luuka Tc,,Luuka,,E22/04397,456,7.8,1.67,,,,,,0.00413,47.39408,0.04151,5.50549,0.23532,4.54793,,,,,,,,<1,319.2,,,537867.7843,10086586.87,,,,,Protected deep borehole,,0.7833642,33.3403378,,,,,,,,,,
Kiyunga hospital borehole,Kiyunga Hospital,Kiyunga,Luuka Tc,,Luuka,,E22/04398,558,7.4,1.23,,,,,,0.00461,19.18808,0.01795,34.39494,0.13452,30.05653,,,,,,,,<1,390.6,,,536846.0704,10084705.74,,,,,Protected deep borehole,,0.7663461,33.3311539,,,,,,,,,,
Makuutu subcounty borehole,Makuutu,,Makuutu,,Bugweri,,E23/01851,359,,1.76,<0.5,152,,126,,0.00146,16.13871,0.00601,2.81557,0.11153,6.48163,15,5.2,,,,,,<1,251.3,185.44,8.16,,,,,,27,Ground water,0.09043,,,36N 566143 ,55392,5.1,160,34,50.4,53.23611,<0.001,<0.015,
Busiimo Pri School Borehole,Busiimo,,Makuutu,,Bugweri,,E23/01852,175,,1.95,<0.5,50,,30,,0.00147,7.39301,0.00379,7.07127,0.10667,6.92006,16,5.3,,,,,,<1,122.5,61,4.8,,,,,,28,Ground water,0.09151,,,36N 565623 ,50578,5.1,50,20,12,51.76566,<0.001,<0.015,
Kyebando Borehole,Kyebando,,Kyenda Town council,,Mubende,,E23/01705,170,,1.83,,68,,21,,0.00159,12.09813,0.069,4.23033,0.0794,1.53049,20,2.8,0.08,,,,,<1,119,82.96,9.6,,,,,1281,24,Ground water/ Borehole,0.17816,,,36N 333812,57010,5.1,61,40,8.4,29.29572,NR,,0.08937
Kyenda borehole,Kyenda,,Kyenda Town council,,Mubende,,E23/01706,290,,1.76,,125,,36,,0.00239,6.53345,0.04518,11.77767,0.13873,2.37574,24,1.9,0.04,,,,,<1,203,152.5,22.56,,,,,1274,23,Ground water/ Borehole,0.17836,,,36N 334146,55736,4.85,130,94,14.4,56.07824,NR,,0.10852
Nalongo spring ,Kabojja A ,,Kyengera T.C,,Wakiso,,E23/01710,235,,1.85,,56,,50,,0.00456,0.67062,1.0533,,0.03047,9.84878,12,3.6,0.05,,,,,20,164.5,68.32,7.2,,,,,,24,,0.13475,,,32357,36N 0446673,5,80,30,20,23.86087,,,0.58485
Kabojja B Spring,Kabojja B,,Kyengera T.C,,Wakiso,,E23/01711,200,,1.77,,11,,11,,0.0046,0.67616,0.55122,,0.04328,12.22264,19,5.4,0.08,,,,,2,140,13.42,5.52,,,,,,24.4,,0.0665,,,33011,36N 0446407,1.11,34,23,4.4,21.45493,,,1.24393
Kinawa Motorised hand dug well,Kinawa,,Kyengera T.C,,Wakiso,,E23/01712,223,,1.8,,4,,18,,0.00718,0.72902,0.26664,,0.05327,15.56782,18,4.3,0.05,,,,,<1,156.1,4.88,7.44,,,,,,27.5,,0.15379,,,29308,36N 0445662,5.5,49,31,7.2,17.96882,,,0.59906
Kikajjo Spring,Kikajjo,,Kyengera T.C,,Wakiso,,E23/01713,224,,1.9,,16,,22,,0.00197,5.9389,0.01641,,0.03153,11.09191,14,5.9,0.17,,,,,8,156.8,19.52,8.64,,,,,,24,,0.10721,,,29308,36N 0445662,3.2,58,36,8.8,25.78,,,0.3635
Kasenge Health Centre II Borehole ,Kasenge,,Kyengera T.C,,Wakiso,,E23/01714,163,,1.78,,69,,34,,0.00157,1.31713,0.04105,,0.18689,2.11286,13,2.8,0.03,,,,,<1,114.1,84.18,4.8,,,,,,23.7,,0.1905,,,28558,36N 0445265,4.3,54,20,13.6,27.21331,,,0.06191
Kasenge Pri Sch Shallow well ,Kasenge,,Kyengera T.C,,Wakiso,,E23/01715,161,,1.96,,5.6,,12,,0.00309,0.50899,0.0455,,0.03075,11.37755,13,5.4,0.06,,,,,<1,112.7,6.832,4.32,,,,,,24.8,,0.07263,,,28353,36N 0444870,3.5,30,18,4.8,23.81851,,,0.89895
Katalemwa Pri. School,Katalemwa,,Nakawuka,,Wakiso,,E23/01716,57,,21,,18,,7.8,,0.013,0.31171,0.15626,,0.26396,1.34066,1.3,1.1,2.05,,,,,2,39.9,21.96,7.248,,,,,,24,,0.14688,,,22888,36N 0041632,3.5,38,30.2,3.12,13.43546,,,0.17695
Nankonge Borehole,Katalemwa,,Nakawuka,,Wakiso,,E23/01717,38,,4.45,,12,,1.6,,0.0017,1.19742,0.02943,,0.05718,1.54298,1.4,1,0.21,,,,,<1,26.6,14.64,3.456,,,,,,23.5,,0.12194,,,22562,36N 0440006,4.8,16,14.4,0.64,20.2915,,,0.31797
Gambirana shallow well,Nakawuka,,Nakawuka,,Wakiso,,E23/01718,67,,2.65,,10,,9,,0.00296,2.77297,0.03573,,0.10532,3.23466,2.9,1.1,0.11,,,,,19,46.9,12.2,3.84,,,,,,23,,0.15894,,,22638,36N 0440026,4.2,25,16,3.6,19.98805,,,0.42081
